rank,Youtuber,subscribers,video views,video count,category,started
1,Shadow MusicShadow Music ,"7,690,000","3,665,970,114","1,144",People & Blogs,2017
2,Emi WongEmi Wong ,"4,870,000","607,656,993",390,People & Blogs,2014
3,iQIYI çˆ±å¥‡è‰ºiQIYI çˆ±å¥‡è‰º ,"4,010,000","1,744,552,001","9,740",Film & Animation,2015
4,South China Morning PostSouth China Morning Post ,"2,650,000","2,612,265,071","11,376",News & Politics,2007
5,GEMé„§ç´«æ£‹GEMé„§ç´«æ£‹ ,"2,520,000","1,752,111,944",77,People & Blogs,2019
6,Ani-Oneå‹•æ¼«å°ˆå€Ani-Oneå‹•æ¼«å°ˆå€ ,"2,020,000","238,959,467","2,026",Film & Animation,2016
7,è˜‹æœå‹•æ–°è HK Apple Dailyè˜‹æœå‹•æ–°è HK Apple Daily ,"1,880,000","1,580,438,690","70,586",News & Politics,2007
8,Nikmatul RosidahNikmatul Rosidah ,"1,590,000","384,841,124","1,697",People & Blogs,2013
9,Kento BentoKento Bento ,"1,580,000","137,410,428",38,Education,2015
10,ApronApron ,"1,520,000","182,803,329",346,Howto & Style,2012
11,äº®ç”Ÿæ´» / Bright Sideäº®ç”Ÿæ´» / Bright Side ,"1,450,000","340,355,645","3,370",People & Blogs,2018
12,Xèª¿æŸ¥Xèª¿æŸ¥ ,"1,240,000","186,113,391",162,Entertainment,2019
13,å¤©å¤©ç›¸è¦‹å»šæˆ¿_é˜¿è¦‹å¤©å¤©ç›¸è¦‹å»šæˆ¿_é˜¿è¦‹ ,"1,110,000","382,074,185","1,734",Film & Animation,2017
14,TaleekTaleek ,"1,060,000","21,568,456",138,Education,2020
15,é» Cook Guideé» Cook Guide ,"1,030,000","159,308,130",843,Howto & Style,2014
16,JASONJASON ,"995,000","480,178,790","2,799",People & Blogs,2013
17,serpentzaserpentza ,"977,000","162,991,863",984,People & Blogs,2006
18,5åˆ†é˜DIY5åˆ†é˜DIY ,"975,000","286,456,954","3,126",People & Blogs,2018
19,TVB (official)TVB (official) ,"887,000","1,185,548,897","30,324",Entertainment,2006
20,Angelic Music WorldAngelic Music World ,"881,000","1,040,456,333",510,Music,2017
21,memehongkongmemehongkong ,"802,000","1,395,589,582","31,372",News & Politics,2013
22,æœç±½æœç±½ ,"798,000","635,382,190","15,326",News & Politics,2015
23,Mira's GardenMira's Garden ,"730,000","167,295,861",898,Travel & Events,2015
24,Huace Croton TV Arabic - Ø§Ù„Ø¹Ø±Ø¨ÙŠØ© Ù…Ø³Ù„Ø³Ù„Ø§Øª ØµÙŠÙ†ÙŠØ©Huace Croton TV Arabic - Ø§Ù„Ø¹Ø±Ø¨ÙŠØ© Ù…Ø³Ù„Ø³Ù„Ø§Øª ØµÙŠÙ†ÙŠØ© ,"705,000","315,187,690","2,035",Entertainment,2019
25,Ayisha Elseenya - Ø¹Ø§Ø¦Ø´Ø© Ø§Ù„ØµÙŠÙ†ÙŠØ©Ayisha Elseenya - Ø¹Ø§Ø¦Ø´Ø© Ø§Ù„ØµÙŠÙ†ÙŠØ© ,"645,000","30,461,881",91,Music,2014
26,Games EffectGames Effect ,"631,000","523,978,181",90,Gaming,2010
27,å“”å“©å“”å“©åŠ¨ç”»Anime Made By Bilibiliå“”å“©å“”å“©åŠ¨ç”»Anime Made By Bilibili ,"612,000","55,506,216","2,358",Film & Animation,2020
28,Cooking A DreamCooking A Dream ,"573,000","81,712,017",174,Howto & Style,2016
29,é¬¥å£«å·¥ä½œå®¤ Fighter Studio HKé¬¥å£«å·¥ä½œå®¤ Fighter Studio HK ,"573,000","1,309,373,805","2,674",,2018
30,é˜¿æ˜Ÿæ¢åº—Chinese Food Touré˜¿æ˜Ÿæ¢åº—Chinese Food Tour ,"558,000","225,077,809",351,,2019
31,D100 RadioD100 Radio ,"529,000","221,706,760","13,507",News & Politics,2012
32,Mama CheungMama Cheung ,"529,000","91,405,391",355,Howto & Style,2014
33,GURUNG DIIPA [GDiipa]GURUNG DIIPA [GDiipa] ,"519,000","39,598,836",184,Howto & Style,2010
34,JeffHKJeffHK ,"497,000","54,772,276",43,Travel & Events,2016
35,è›‡ä»”æ˜è›‡ä»”æ˜ ,"486,000","380,602,972","5,014",People & Blogs,2011
36,ç’°æ˜ŸéŸ³æ¨‚ / ç’°æ˜Ÿå¨›æ¨‚ WSM Music HKç’°æ˜ŸéŸ³æ¨‚ / ç’°æ˜Ÿå¨›æ¨‚ WSM Music HK ,"470,000","559,313,484","4,733",Music,2010
37,arhoTVarhoTV ,"463,000","169,228,844",698,People & Blogs,2007
38,HKTVNetworkHKTVNetwork ,"461,000","92,231,016","1,088",Entertainment,2012
39,æˆ‘è¦åšå¯Œç¿æˆ‘è¦åšå¯Œç¿ ,"455,000","60,455,735","2,260",Education,2012
40,SKT PlusSKT Plus ,"455,000","217,705,514","1,202",Film & Animation,2019
41,Carl Hoå¡çˆ¾ é »é“Carl Hoå¡çˆ¾ é »é“ ,"443,000","162,949,800",950,Entertainment,2007
42,MakeLearningFunMakeLearningFun ,"437,000","221,269,708",255,People & Blogs,2015
43,æœ‰ç·šé›»è¦– CABLE TV & æœ‰ç·šæ–°è CABLE Newsæœ‰ç·šé›»è¦– CABLE TV & æœ‰ç·šæ–°è CABLE News ,"436,000","257,040,074","31,365",,2010
44,Everyday ChineseEveryday Chinese ,"435,000","21,148,229",335,Education,2017
45,PEARå“¥PEARå“¥ ,"434,000","78,782,481",17,Film & Animation,2012
46,æ‰˜å“¥torresæ‰˜å“¥torres ,"432,000","51,344,895",156,People & Blogs,2018
47,REWA TechnologyREWA Technology ,"426,000","84,869,370",371,Science & Technology,2013
48,Shila Amzah èŒœæ‹‰Shila Amzah èŒœæ‹‰ ,"424,000","40,241,173",161,Music,2010
49,é¦™æ¸¯å¤§ç´€å…ƒæ–°å”äººè¯åˆæ–°èé »é“é¦™æ¸¯å¤§ç´€å…ƒæ–°å”äººè¯åˆæ–°èé »é“ ,"420,000","488,383,566","34,611",News & Politics,2013
50,ViuTVViuTV ,"413,000","232,820,950","10,099",Entertainment,2015
51,å‡æ——æ˜“å¾—é“å‡æ——æ˜“å¾—é“ ,"399,000","592,367,894","8,998",People & Blogs,2015
52,ç§˜å²è¶£èç§˜å²è¶£è ,"398,000","123,009,733","1,204",People & Blogs,2018
53,å±èŠå§†ç˜‹ç‹‚ä¸–ç•Œå±èŠå§†ç˜‹ç‹‚ä¸–ç•Œ ,"393,000","105,029,940","1,222",Gaming,2013
54,mingjai14mingjai14 ,"388,000","79,028,588",295,Comedy,2010
55,lizzydailylizzydaily ,"387,000","90,419,164",456,People & Blogs,2011
56,èŒ¶é¤˜é£¯å¾ŒèŒ¶é¤˜é£¯å¾Œ ,"387,000","19,901,615","1,667",Entertainment,2016
57,é³³å‡°è¡›è¦– Phoenix TVé³³å‡°è¡›è¦– Phoenix TV ,"368,000","140,156,081","10,411",News & Politics,2018
58,Gundam GGundam G ,"366,000","118,895,152",91,Film & Animation,2012
59,Yuki LeungYuki Leung ,"344,000","115,894,199",96,People & Blogs,2008
60,æ©Ÿå‹•é›»è¦–å°RTVæ©Ÿå‹•é›»è¦–å°RTV ,"342,000","22,309,343",99,People & Blogs,2018
61,å±èŠå§†çš„3æ¬¡å…ƒå±èŠå§†çš„3æ¬¡å…ƒ ,"338,000","159,314,681",804,People & Blogs,2016
62,ä¼¯è³´ä¼¯è³´ ,"331,000","60,449,305",224,Entertainment,2008
63,haywong709haywong709 ,"327,000","66,900,404",280,Howto & Style,2010
64,RickyKAZAFRickyKAZAF ,"324,000","37,539,016",658,Howto & Style,2011
65,Alfred ChanAlfred Chan ,"324,000","66,495,511",316,Travel & Events,2017
66,éœ¸å® æ‹å‰§ç¤¾éœ¸å® æ‹å‰§ç¤¾ ,"323,000","264,303,630","3,023",Entertainment,2020
67,KZeeKZee ,"311,000","173,423,826","3,734",Gaming,2012
68,mandies kwok è‚¥è›™mandies kwok è‚¥è›™ ,"311,000","47,711,830",161,Comedy,2015
69,Day Day CookDay Day Cook ,"308,000","66,667,264","3,190",Howto & Style,2012
70,Arm Channel TVArm Channel TV ,"302,000","93,442,196","1,490",Entertainment,2013
71,è‹±çš‡å¨›æ¨‚ eeg musicè‹±çš‡å¨›æ¨‚ eeg music ,"302,000","469,461,349","3,725",Music,2010
72,ADSR Music Production TutorialsADSR Music Production Tutorials ,"298,000","34,584,183","2,408",Music,2013
73,è¯åŠ‡å ´ç²¾é¸ MQ Chinese Dramaè¯åŠ‡å ´ç²¾é¸ MQ Chinese Drama ,"288,000","167,478,226","3,311",People & Blogs,2015
74,852éƒµå ±852éƒµå ± ,"286,000","9,221,063",275,News & Politics,2013
75,å‡è£…å†·é…·çš„èµ·çµå‡è£…å†·é…·çš„èµ·çµ ,"284,000","83,163,550",138,Film & Animation,2019
76,ä¼å¦æœ‰ä¼ä»”ä¼å¦æœ‰ä¼ä»” ,"283,000","151,833,080","3,376",Education,2011
77,MIRRORMIRROR ,"282,000","196,493,252",124,Entertainment,2018
78,å¤§ç¥¥å“¥ä¾†äº†å¤§ç¥¥å“¥ä¾†äº† ,"282,000","69,534,486",188,People & Blogs,2019
79,ç¯ååå¹´ç¯ååå¹´ ,"281,000","83,076,953",466,Travel & Events,2017
80,BEAUTYQQBEAUTYQQ ,"280,000","70,341,304",599,Howto & Style,2009
81,ToCo International Official ChannelToCo International Official Channel ,"276,000","225,003,172","2,767",Music,2013
82,â™«ĞĞµĞ°Ğ”ĞµĞºĞ²Ğ°Ñ‚ Recordsâ™«â™«ĞĞµĞ°Ğ”ĞµĞºĞ²Ğ°Ñ‚ Recordsâ™« ,"275,000","55,652,683",142,Film & Animation,2010
83,EHPMusicChannelEHPMusicChannel ,"270,044","173,704,267",635,Music,2017
84,Gavinchiuè¶™æ°è®€æ›¸ç”Ÿæ´»Gavinchiuè¶™æ°è®€æ›¸ç”Ÿæ´» ,"269,000","97,691,619","1,516",News & Politics,2008
85,è§£å¿§ç”µå½±ç«™è§£å¿§ç”µå½±ç«™ ,"266,000","158,023,411",928,Film & Animation,2017
86,å””ç†Ÿå””é£Ÿ Cook King Roomå””ç†Ÿå””é£Ÿ Cook King Room ,"262,000","37,277,946",587,Howto & Style,2017
87,é—²Då˜é—²Då˜ ,"259,000","51,442,093",246,Entertainment,2019
88,Ding DingDing Ding ,"259,000","47,680,701",273,Travel & Events,2010
89,Ling ChengLing Cheng ,"258,000","45,141,557",570,Entertainment,2010
90,é¦™æ¸¯æœ¬åœŸåŠ›é‡ Hong Kong Localism Poweré¦™æ¸¯æœ¬åœŸåŠ›é‡ Hong Kong Localism Power ,"256,000","125,538,911","2,803",News & Politics,2015
91,Cocoå“¥Cocoå“¥ ,"249,000","60,688,786",578,Entertainment,2007
92,Ahhin (Hins)Ahhin (Hins) ,"246,000","68,125,571","1,456",Gaming,2008
93,Yaki WongYaki Wong ,"237,000","31,914,834",162,Travel & Events,2007
94,é¦™æ¸¯èŠ±ç”Ÿé¦™æ¸¯èŠ±ç”Ÿ ,"233,000","32,669,512","4,251",News & Politics,2014
95,Ashly è€é™³Ashly è€é™³ ,"231,000","658,877",4,People & Blogs,2011
96,Frankie TechFrankie Tech ,"230,000","58,442,980","1,080",Science & Technology,2009
97,TVB Drama - Crime & Mystery ç¥ç§˜é »é“ TVB Drama - Crime & Mystery ç¥ç§˜é »é“ ,"230,000","13,006,445",754,Entertainment,2017
98,Eason ChanEason Chan ,"230,000","117,011,292",70,Entertainment,2012
99,Elva NiElva Ni ,"230,000","17,643,297",200,People & Blogs,2012
100,YOUKU SHOWYOUKU SHOW ,"228,000","92,069,451","7,750",Entertainment,2018
101,Museæœ¨æ£‰èŠ±-HKMuseæœ¨æ£‰èŠ±-HK ,"227,000","47,936,604","4,090",Film & Animation,2018
102,å†·æ·¡ç†Šå†·æ·¡ç†Š ,"223,000","102,595,109",312,Film & Animation,2020
103,é¦¬ç±³é«˜ Michael MMGé¦¬ç±³é«˜ Michael MMG ,"222,000","21,054,811",206,Comedy,2015
104,å±¯é–€ç•«å®¤ Tuen Mun Studioå±¯é–€ç•«å®¤ Tuen Mun Studio ,"220,000","22,565,221",932,Education,2013
105,Angela Hui è¨±é–éŸ»ã€Œå°èƒŒå¿ƒã€Angela Hui è¨±é–éŸ»ã€Œå°èƒŒå¿ƒã€ ,"213,000","63,989,221",171,Music,2017
106,DONT BLINKDONT BLINK ,"212,000","60,198,945",349,Entertainment,2015
107,suechanggsuechangg ,"210,000","21,579,939",94,People & Blogs,2010
108,TD TSUNTD TSUN ,"208,000","71,751,926",629,Gaming,2012
109,ICå®éªŒå®¤ICå®éªŒå®¤ ,"208,000","25,432,421",203,Science & Technology,2019
110,Highlight NBAHighlight NBA ,"206,000","186,095,830","2,671",Sports,2017
111,çŸ¥è­˜å‘½ç†çŸ¥è­˜å‘½ç† ,"206,000","1,770,157","1,729",People & Blogs,2016
112,å•¤æ¢¨é »é“BarryMa TVå•¤æ¢¨é »é“BarryMa TV ,"204,000","209,715,500","5,867",News & Politics,2019
113,EWway Music Channel æ±è¥¿ä¸–ç•ŒéŸ³æ¨‚é »é“EWway Music Channel æ±è¥¿ä¸–ç•ŒéŸ³æ¨‚é »é“ ,"204,000","221,345,175","2,216",Music,2018
114,mansonovomansonovo ,"203,000","47,246,532",297,Film & Animation,2011
115,Kiki & May - éš¨æ„åƒæ¨‚éƒ¨Kiki & May - éš¨æ„åƒæ¨‚éƒ¨ ,"203,000","41,776,892",285,People & Blogs,2017
116,AROGANTNÃAROGANTNÃ ,"201,000","30,460,703",148,Entertainment,2019
117,é™³æ€¡ChanYeeé™³æ€¡ChanYee ,"198,000","72,822,140",988,Education,2016
118,é¦™æ¸¯01é¦™æ¸¯01 ,"197,000","194,851,171","11,673",News & Politics,2015
119,ç¿æ˜Ÿå®˜æ–¹é¢‘é“Canxing Media Official Channelç¿æ˜Ÿå®˜æ–¹é¢‘é“Canxing Media Official Channel ,"196,000","175,547,833","5,119",Entertainment,2018
120,FlashingDroidFlashingDroid ,"195,000","52,310,855",972,Science & Technology,2012
121,é›¨åƒ‘Ava Liué›¨åƒ‘Ava Liu ,"193,000","35,763,161",247,Entertainment,2010
122,The Best by familyThe Best by family ,"192,000","8,517,109",532,Entertainment,2015
123,Stand News ç«‹å ´æ–°èStand News ç«‹å ´æ–°è ,"192,000","15,883,912",728,News & Politics,2019
124,Sadhguru ç¹é«”ä¸­æ–‡Sadhguru ç¹é«”ä¸­æ–‡ ,"189,000","17,430,195",354,People & Blogs,2018
125,å¦ˆå’ªè¯´MommyTalkå¦ˆå’ªè¯´MommyTalk ,"189,000","18,596,238",350,Science & Technology,2019
126,Ordinary Gaming Studioå¹³æ°‘éŠæˆ²å·¥ä½œå®¤Ordinary Gaming Studioå¹³æ°‘éŠæˆ²å·¥ä½œå®¤ ,"188,000","39,859,770",353,Education,2016
127,é»ƒå­è¯ Dayo Wong æ£Ÿç¯¤ç¬‘ - å®˜æ–¹é »é“é»ƒå­è¯ Dayo Wong æ£Ÿç¯¤ç¬‘ - å®˜æ–¹é »é“ ,"186,000","38,902,775",630,Nonprofits & Activism,2014
128,Mobile Legends: Bang Bang EspaÃ±olMobile Legends: Bang Bang EspaÃ±ol ,"186,000","43,467,268",280,Gaming,2021
129,ben's gadget reviewsben's gadget reviews ,"183,000","43,537,544",602,Science & Technology,2006
130,æ¡‚å¹³å…‰å“¥æ¡‚å¹³å…‰å“¥ ,"183,000","168,671,112","2,596",People & Blogs,2017
131,å¤œèˆ‡ç™½é¯¨å¤œèˆ‡ç™½é¯¨ ,"182,000","59,781,167",205,Film & Animation,2020
132,Dou TVDou TV ,"182,000","26,810,263",252,Entertainment,2018
133,Ho Talk Duck å¥½Talkå¾—Ho Talk Duck å¥½Talkå¾— ,"180,000","50,302",24,People & Blogs,2013
134,Edwin H.Edwin H. ,"178,000","18,205,027",286,Entertainment,2009
135,MM - Mill MILKMM - Mill MILK ,"178,000","13,298,809",70,,2021
136,æ­ªé»å­å¯¦é©—å®¤æ­ªé»å­å¯¦é©—å®¤ ,"177,000","27,157,199",147,Howto & Style,2019
137,çè¨€çœŸèª // å¤§ç´€å…ƒçè¨€çœŸèª // å¤§ç´€å…ƒ ,"175,000","56,246,262","1,294",,2020
138,Now è²¡ç¶“ æ–°èNow è²¡ç¶“ æ–°è ,"175,000","73,153,012","7,929",News & Politics,2008
139,Lok CheungLok Cheung ,"173,000","7,514,729",182,People & Blogs,2013
140,å°è´çš„æ¸¸æˆé£Ÿå ‚å°è´çš„æ¸¸æˆé£Ÿå ‚ ,"171,000","80,016,460",610,Gaming,2019
141,RedisPollyRedisPolly ,"171,000","14,432,690",133,People & Blogs,2011
142,è±ªDeeè±ªDee ,"171,000","22,379,831",143,People & Blogs,2017
143,å®…ç”·ä¿±æ¨‚éƒ¨å®…ç”·ä¿±æ¨‚éƒ¨ ,"170,000","21,135,398",390,Gaming,2008
144,å¸é©¬å—é¢‘é“å¸é©¬å—é¢‘é“ ,"170,000","51,788,320","1,916",People & Blogs,2017
145,å¾æ™‚è«– TsuisTalkå¾æ™‚è«– TsuisTalk ,"168,000","32,873,552",755,News & Politics,2009
146,SzeTingWongé»ƒè©©å©·SzeTingWongé»ƒè©©å©· ,"167,000","17,324,134",54,Music,2012
147,åª½åª½é–‹å¿ƒå»šæˆ¿åª½åª½é–‹å¿ƒå»šæˆ¿ ,"167,000","760,407","1,426",Howto & Style,2014
148,Boba BeatsBoba Beats ,"167,000","209,107,272",823,Music,2019
149,odyleungodyleung ,"167,000","16,027,060",243,People & Blogs,2006
150,SmilemiannSmilemiann ,"165,000","53,564,107",583,Howto & Style,2009
151,KingsanKingsan ,"163,000","7,064,010",84,Gaming,2007
152,Cynthia IpCynthia Ip ,"163,000","25,429,273",380,Howto & Style,2007
153,è€æ´‹å’©å’©è€æ´‹å’©å’© ,"162,000","9,257,456",220,Gaming,2013
154,Susana ChachaSusana Chacha ,"160,000","21,019,458",324,Howto & Style,2013
155,çˆ±å¥½ææ€–ç‰‡çš„ç¾ç”·å­çˆ±å¥½ææ€–ç‰‡çš„ç¾ç”·å­ ,"160,000","45,323,511",216,Film & Animation,2017
156,ä½©ç”·Puinamä½©ç”·Puinam ,"159,000","15,984,929",162,Gaming,2019
157,å°¬èŠç”µå½±å°¬èŠç”µå½± ,"156,000","64,722,005",240,Film & Animation,2019
158,TheLittleBaluTheLittleBalu ,"154,000","1,176,690",29,People & Blogs,2013
159,æ­¡æ¨‚é¦¬ä»‹ä¼‘BacalhauEntæ­¡æ¨‚é¦¬ä»‹ä¼‘BacalhauEnt ,"152,000","78,797,377",557,Comedy,2016
160,å°è¶…è®²ç”µå½±å°è¶…è®²ç”µå½± ,"150,000","32,065,136",217,Film & Animation,2015
161,kayan ckayan c ,"150,000","13,362,570",124,Travel & Events,2013
162,å¸Œæ²»é–£ã€éŠæˆ²æƒ…å ±ç§‘ã€‘å¸Œæ²»é–£ã€éŠæˆ²æƒ…å ±ç§‘ã€‘ ,"149,000","24,841,795",789,Gaming,2013
163,Steven LawSteven Law ,"148,000","34,162,187","1,090",Music,2010
164,Asia HOTAsia HOT ,"148,000","66,821,587",103,Travel & Events,2017
165,è‹±å¤§å‰ä¾†äº†è‹±å¤§å‰ä¾†äº† ,"147,000","27,465,372",123,News & Politics,2020
166,AUMANAUMAN ,"147,000","10,308,978",153,Music,2010
167,HTHT ,"145,000","150,499",15,Entertainment,2017
168,The One Lock æ°¸æ¨‚The One Lock æ°¸æ¨‚ ,"144,000","59,478,714","1,494",Gaming,2014
169,åš´æ”¿ WallaceYimåš´æ”¿ WallaceYim ,"142,000","19,933,558",336,Entertainment,2014
170,GoomusicGoomusic ,"141,000","37,195,014",515,Music,2007
171,å²å¤§éƒå²å¤§éƒ ,"140,000","27,743,672",146,People & Blogs,2020
172,ç¤¾æœƒé‚ŠçŒ¿äºº Mr.Bambooç¤¾æœƒé‚ŠçŒ¿äºº Mr.Bamboo ,"136,000","14,802,893",95,Film & Animation,2016
173,Candies wawaCandies wawa ,"135,000","13,154,389",55,People & Blogs,2011
174,ç‹„é” TiKToKç‹„é” TiKToK ,"134,000","15,434,216",187,People & Blogs,2011
175,big big channel - å¤§å°ç¶²big big channel - å¤§å°ç¶² ,"134,000","81,022,019","7,622",Entertainment,2017
176,Rockå“¥Rockå“¥ ,"132,000","13,851,347",93,People & Blogs,2018
177,ëª©ê²©ìKëª©ê²©ìK ,"132,000","18,816,292",670,News & Politics,2019
178,Keith SirKeith Sir ,"132,000","26,217,318",964,Education,2011
179,å…«å…«é€šGossipGossipå…«å…«é€šGossipGossip ,"131,000","65,343,762","2,868",People & Blogs,2015
180,å¤©å ‚ç”µå½±å¤©å ‚ç”µå½± ,"128,000","82,913,715",547,Film & Animation,2017
181,MoYung æ…•å®¹å…¬å­MoYung æ…•å®¹å…¬å­ ,"127,000","55,286,730",472,Gaming,2012
182,ç§‘å­¦ç«ç®­å”ç§‘å­¦ç«ç®­å” ,"126,000","23,567,285",303,Howto & Style,2020
183,Happy KongnerHappy Kongner ,"124,000","8,024,538",191,Sports,2017
184,Celine Tam Official Fan ClubCeline Tam Official Fan Club ,"124,000","17,664,011",47,Music,2016
185,å¥‡ç•°å°åŒ—å¥‡ç•°å°åŒ— ,"123,000","19,922,863",126,Howto & Style,2019
186,HongKongTimesSquareHongKongTimesSquare ,"122,000","31,136,949",283,Entertainment,2013
187,feverSound comfeverSound com ,"122,000","42,247,972","1,374",Music,2006
188,å”äººå½±è¦–ä½œå“å±•å”äººå½±è¦–ä½œå“å±• ,"120,000","100,781,413","1,158",Entertainment,2018
189,Coach FuiCoach Fui ,"119,000","14,425,153",179,Sports,2017
190,åœ¨ä¸‹è‘‰å•åœ¨ä¸‹è‘‰å• ,"119,000","44,438,622","2,334",Comedy,2011
191,Cindyæ¥Šæ–¯é›…Cindyæ¥Šæ–¯é›… ,"118,000","34,156,965",177,Howto & Style,2010
192,å¡çš®å›å¡çš®å› ,"117,000","77,926,079",564,Film & Animation,2018
193,CHINCHIN CCHINCHIN C ,"117,000","13,143,844",219,People & Blogs,2013
194,è€ç”µå½±æ•…äº‹è€ç”µå½±æ•…äº‹ ,"117,000","38,042,874","1,010",Film & Animation,2018
195,è²éŠæ—¥æœ¬è²éŠæ—¥æœ¬ ,"116,000","22,546,006",297,Travel & Events,2015
196,MaMa FishMaMa Fish ,"116,000","15,701,432",210,Howto & Style,2010
197,å¤§ä½¬ä½ å””å¥½å’ç—´ç·šå•¦dudeareyoucrazyå¤§ä½¬ä½ å””å¥½å’ç—´ç·šå•¦dudeareyoucrazy ,"115,000","1,621,095",487,Pets & Animals,2012
198,falllabfalllab ,"115,000","36,972,591",365,Entertainment,2015
199,penguinsixpenguinsix ,"113,000","18,800,166","1,192",News & Politics,2006
200,seanlaiseanlai ,"112,000","63,339,214","2,379",Entertainment,2010
201,cheerS beautycheerS beauty ,"111,000","19,437,215",323,People & Blogs,2013
202,Tatfullclipbackup2Tatfullclipbackup2 ,"110,296","6,588",0,Gaming,2013
203,Creamy YickCreamy Yick ,"110,000","3,128,338",19,People & Blogs,2013
204,ä¸€èµ·çœ‹å‰§å§ä¸€èµ·çœ‹å‰§å§ ,"110,000","92,755,264","3,888",Entertainment,2020
205,æ±å‘¨ç¶² Eastweek.com.hkã€æ±å‘¨åˆŠå®˜æ–¹ç¶²ç«™ã€‘æ±å‘¨ç¶² Eastweek.com.hkã€æ±å‘¨åˆŠå®˜æ–¹ç¶²ç«™ã€‘ ,"109,000","147,972,323","12,215",People & Blogs,2009
206,Dai Wing PlayDai Wing Play ,"109,000",0,0,People & Blogs,2014
207,æ”ªå±æ£ PoopStirreræ”ªå±æ£ PoopStirrer ,"109,000","29,325,715",365,Entertainment,2015
208,Garson å˜‰ç¥Garson å˜‰ç¥ ,"108,000","48,633,280","1,577",Gaming,2013
209,AmourBeauty JMAmourBeauty JM ,"107,000","15,745,352",202,People & Blogs,2012
210,Kitling_é›€æ–‘å¦¹Kitling_é›€æ–‘å¦¹ ,"107,000","11,272,980",76,People & Blogs,2013
211,æ¸”å†œå°æ± æ¸”å†œå°æ±  ,"106,000","99,207,850","1,267",People & Blogs,2018
212,ERRORERROR ,"106,000","13,721,783",47,Entertainment,2018
213,å†¤æ‰å¨›æ¨‚å†¤æ‰å¨›æ¨‚ ,"106,000","38,735,722",304,Entertainment,2018
214,MIHK.tv_Youtubeç¬¬äºŒå°MIHK.tv_Youtubeç¬¬äºŒå° ,"105,000","40,622,700","8,753",Entertainment,2015
215,DidoPopcorn ç§‹æœ¬æ¡DidoPopcorn ç§‹æœ¬æ¡ ,"102,000",0,0,Gaming,2013
216,BETHNI YBETHNI Y ,"102,000","14,044,294",309,Howto & Style,2013
217,ç¿¼ WingsThunderç¿¼ WingsThunder ,"101,000","28,976,992","1,107",Gaming,2014
218,U Magazine HK OfficialU Magazine HK Official ,"101,000","31,520,918","4,544",,2011
219,æŒ½æ­Œä¹‹è²æŒ½æ­Œä¹‹è² ,"100,000","29,761,977",146,Music,2012
220,MingszeMingsze ,"99,800","26,185,608",228,People & Blogs,2010
221,HEYMAN LAMHEYMAN LAM ,"99,600","10,530,355",184,People & Blogs,2014
222,S P O O N C H A NS P O O N C H A N ,"99,200","6,612,663",101,People & Blogs,2014
223,å¤ç›®å¤ç›® ,"97,924","49,703,169",170,Film & Animation,2012
224,ç¿¼ç‹ç¿¼ç‹ ,"97,500","14,938,420",149,Science & Technology,2018
225,ViuTV WorldViuTV World ,"96,500","26,703,079","3,888",Entertainment,2020
226,AMusic Official ChannelAMusic Official Channel ,"96,200","176,663,979",147,Music,2013
227,å¤§é˜ªANDYå“¥å¤§é˜ªANDYå“¥ ,"95,400","21,171,225",338,People & Blogs,2016
228,æ›¾é§çª AliSon Tsangæ›¾é§çª AliSon Tsang ,"95,400","22,813,353",466,People & Blogs,2011
229,Hak MeHak Me ,"95,000","36,218,262","1,221",Howto & Style,2011
230,Now TVNow TV ,"94,900","28,169,336","5,660",Music,2006
231,Highway RecordingHighway Recording ,"94,900","20,016,500",641,Film & Animation,2017
232,Hey JenniFAHey JenniFA ,"94,600","12,236,015",301,Howto & Style,2016
233,æµ™æ±Ÿå«è§†ã€ç‹ç‰Œå¯¹ç‹ç‰Œã€‘å®˜æ–¹é¢‘é“ Ace VS Ace Channelæµ™æ±Ÿå«è§†ã€ç‹ç‰Œå¯¹ç‹ç‰Œã€‘å®˜æ–¹é¢‘é“ Ace VS Ace Channel ,"93,800","40,774,035","1,178",Entertainment,2020
234,Poor travel x 2 GirlsPoor travel x 2 Girls ,"93,400","21,878,675",763,Travel & Events,2016
235,ACä¸–ç•Œæ–°èé »é“ACä¸–ç•Œæ–°èé »é“ ,"93,000","12,221,582",450,News & Politics,2014
236,é˜²è…è¾¦å…¬å®¤é˜²è…è¾¦å…¬å®¤ ,"92,600","61,421",31,Gaming,2012
237,å…‰é ­å¹« TomFatKiå…‰é ­å¹« TomFatKi ,"92,500","21,023,430",182,People & Blogs,2017
238,é”äººå··é”äººå·· ,"90,800","17,950,270",333,Howto & Style,2015
239,TIK LEETIK LEE ,"90,300","83,005,230","5,056",Gaming,2010
240,Dai WingDai Wing ,"90,200",0,0,People & Blogs,2013
241,æœƒç¬‘çš„æ±½æ°´æœƒç¬‘çš„æ±½æ°´ ,"89,900","25,934,394",213,Comedy,2015
242,am730am730 ,"89,600","31,378,459","4,485",People & Blogs,2011
243,20ç„¡é™20ç„¡é™ ,"89,300","33,078,382",709,Howto & Style,2017
244,Auto Guyz Relationæ‹è»Šç”·Auto Guyz Relationæ‹è»Šç”· ,"89,200","21,531,743",384,Autos & Vehicles,2016
245,HK TunesHK Tunes ,"88,300","81,257,441",216,Music,2010
246,pmame32pmame32 ,"88,000","94,246,252","4,491",Film & Animation,2007
247,Queenie ChanQueenie Chan ,"86,200","9,536,680",85,Howto & Style,2010
248,EHP Music ChannelEHP Music Channel ,"86,100","23,466,930",7,Music,2016
249,JackzJackz ,"85,800","79,082,850",567,News & Politics,2006
250,Post76å½±éŸ³ç©æ¨‚Post76å½±éŸ³ç©æ¨‚ ,"85,100","27,704,015","1,726",People & Blogs,2011
251,Data MaData Ma ,"83,700","25,509,693",598,Travel & Events,2017
252,Benja & Momo ChannelBenja & Momo Channel ,"83,400","12,122,772",182,People & Blogs,2017
253,Hong Kong CricketHong Kong Cricket ,"83,100","7,043,734",483,Sports,2015
254,24HERBS24HERBS ,"82,300","28,105,193",159,Music,2006
255,ç‘æ£®è€å“¥Reasonç‘æ£®è€å“¥Reason ,"81,800","9,171,887",71,People & Blogs,2021
256,ç™¼å…”å†·çŸ¥è­˜ç™¼å…”å†·çŸ¥è­˜ ,"81,739","131,196",21,Gaming,2016
257,potatofish yupotatofish yu ,"81,600","18,383,261",340,People & Blogs,2014
258,SAVIé­”äººSAVIé­”äºº ,"81,100","43,518,174","4,796",Gaming,2012
259,Baka Shiroå°ç™½Baka Shiroå°ç™½ ,"80,200","5,936,550",304,People & Blogs,2013
260,ç›–ä¸–çŒªçŒªä¸¶ç›–ä¸–çŒªçŒªä¸¶ ,"79,500","14,576,400",121,Film & Animation,2020
261,Paul GorPaul Gor ,"79,300","6,080,762",87,Travel & Events,2015
262,kikolimakeupkikolimakeup ,"79,200","8,141,305",202,Howto & Style,2011
263,Freeminder EmiFreeminder Emi ,"79,100","18,446,895",545,People & Blogs,2013
264,Janice Vidalè¡›è˜­Janice Vidalè¡›è˜­ ,"79,000","51,994,586",60,People & Blogs,2015
265,MADCOUPLEMADCOUPLE ,"79,000","8,466,678",84,People & Blogs,2015
266,éº¥å…œMcdulléº¥å…œMcdull ,"78,600","23,889,156",109,Film & Animation,2014
267,Camvideo HKCamvideo HK ,"78,600","143,442,876","8,801",Autos & Vehicles,2010
268,BC ProductionBC Production ,"77,900","18,622,912",49,Entertainment,2016
269,MCå¼µå¤©è³¦MCå¼µå¤©è³¦ ,"77,500","23,683,733",29,Music,2019
270,Yeloé»ƒæ›‰æ™´Yeloé»ƒæ›‰æ™´ ,"77,400","5,002,263",60,People & Blogs,2010
271,Rational Football Analysisç†æ€§åˆ†æRational Football Analysisç†æ€§åˆ†æ ,"77,400","12,928,779",488,Sports,2014
272,CrazyFamilyCrazyFamily ,"76,700","9,215,643",225,Comedy,2013
273,å°åŒ…å°åŒ…å°åŒ…å°åŒ… ,"76,000","22,911,861",332,Gaming,2020
274,å‡æª¸èµ°æ¯ SamChanXå‡æª¸èµ°æ¯ SamChanX ,"75,700","2,411,320",67,Film & Animation,2006
275,WillWill FunHouseWillWill FunHouse ,"75,500","27,431,466","2,174",Gaming,2014
276,éº¦æ€»å»å“ªåƒéº¦æ€»å»å“ªåƒ ,"75,500","43,479,960",311,Howto & Style,2020
277,CommaComma ,"75,100","9,687,639",496,Education,2018
278,Ryan wsRyan ws ,"74,600","38,770,457","2,744",Gaming,2009
279,PressLogic å¥³ç”Ÿæ—¥å¸¸PressLogic å¥³ç”Ÿæ—¥å¸¸ ,"74,200","15,383,177",654,People & Blogs,2016
280,Dora å¤šå•¦Dora å¤šå•¦ ,"74,000","9,112,699",150,People & Blogs,2016
281,èµ¶æµ·è”ç›Ÿèµ¶æµ·è”ç›Ÿ ,"73,900","12,167,791",13,Howto & Style,2019
282,GF vs GFGF vs GF ,"73,700","9,787,535",127,People & Blogs,2009
283,ä¸€åªé»‘ç³–å•µå•µğŸ»ä¸€åªé»‘ç³–å•µå•µğŸ» ,"72,900","16,931,659",54,Entertainment,2020
284,Sonic & SnakeSonic & Snake ,"72,300","55,525,700",835,Gaming,2013
285,Peachy Bunny BakesPeachy Bunny Bakes ,"72,300","5,227,054",119,Howto & Style,2014
286,KisaBBBKisaBBB ,"71,800","7,838,509",395,Gaming,2007
287,é™³æŸå®‡ Jason Chané™³æŸå®‡ Jason Chan ,"71,300","66,380,302",137,People & Blogs,2016
288,AnshelesAnsheles ,"70,800","72,943",2,Entertainment,2010
289,MiHK MOVIEMiHK MOVIE ,"70,600","2,715,600",8,People & Blogs,2015
290,è€ç©å®¶å°ç†Šè€ç©å®¶å°ç†Š ,"70,600","37,289,249",863,Gaming,2021
291,MELO LOMELO LO ,"70,400","5,453,518",148,People & Blogs,2012
292,ValorGearsValorGears ,"69,800","14,280,757",938,Gaming,2012
293,PlayStation HKPlayStation HK ,"69,200","55,445,686","2,357",Gaming,2010
294,ä¿¡å ±è²¡ç¶“æ–°èä¿¡å ±è²¡ç¶“æ–°è ,"69,000","23,350,205","7,542",News & Politics,2009
295,EAR HEALTHYEAR HEALTHY ,"69,000","10,977,530",552,Science & Technology,2017
296,Jessica WongJessica Wong ,"69,000","3,008,911",80,Howto & Style,2014
297,æ˜¼ä¸ç™½é²¸æ˜¼ä¸ç™½é²¸ ,"68,700","18,950,918",156,Film & Animation,2020
298,åå®«å†·å©¶å„¿åå®«å†·å©¶å„¿ ,"68,600","43,142,355",323,Howto & Style,2020
299,CatGirlè²“å¥³å­©CatGirlè²“å¥³å­© ,"68,200",0,0,Entertainment,2015
300,ç”·äººEEETVç”·äººEEETV ,"66,400","7,627,706",147,Comedy,2018
